{
  "parent": "minecraft:recipes/root",
  "criteria": {
    "has_raw_yellow_crystal": {
      "conditions": {
        "items": [
          {
            "items": "blocks_and_resources:raw_yellow_crystal"
          }
        ]
      },
      "trigger": "minecraft:inventory_changed"
    },
    "has_the_recipe": {
      "conditions": {
        "recipe": "minecraft:yellow_krystal_from_smelting_raw_yellow_crystal"
      },
      "trigger": "minecraft:recipe_unlocked"
    }
  },
  "requirements": [
    [
      "has_the_recipe",
      "has_raw_yellow_crystal"
    ]
  ],
  "rewards": {
    "recipes": [
      "minecraft:yellow_krystal_from_smelting_raw_yellow_crystal"
    ]
  }
}