{
  "parent": "minecraft:recipes/root",
  "criteria": {
    "has_the_recipe": {
      "conditions": {
        "recipe": "minecraft:yellow_crystal_fence_from_yellow_crystal_block_stonecutting"
      },
      "trigger": "minecraft:recipe_unlocked"
    },
    "has_yellow_crystal_block": {
      "conditions": {
        "items": [
          {
            "items": "blocks_and_resources:yellow_crystal_block"
          }
        ]
      },
      "trigger": "minecraft:inventory_changed"
    }
  },
  "requirements": [
    [
      "has_the_recipe",
      "has_yellow_crystal_block"
    ]
  ],
  "rewards": {
    "recipes": [
      "minecraft:yellow_crystal_fence_from_yellow_crystal_block_stonecutting"
    ]
  }
}