{
  "type": "minecraft:crafting_shapeless",
  "ingredients": [
    {
      "item": "blocks_and_resources:tomato"
    },
    {
      "item": "blocks_and_resources:tomato"
    },
    {
      "item": "blocks_and_resources:pile_of_salt"
    },
    {
      "item": "blocks_and_resources:tomato"
    },
    {
      "item": "blocks_and_resources:tomato"
    },
    {
      "item": "blocks_and_resources:pile_of_salt"
    },
    {
      "item": "minecraft:potion"
    },
    {
      "item": "blocks_and_resources:empty_jar"
    },
    {
      "item": "blocks_and_resources:pile_of_salt"
    }
  ],
  "result": {
    "id": "blocks_and_resources:jar_of_pickled_tomatoes",
    "count": 1
  }
}