{
	"schemaVersion": 1,
	"id": "blocks_and_resources",
	"version": "1.0.2",
	"name": "Blocks and Resources",
	"description": "This mod add to the game more items, blocks and resources",
	"authors": [
		"QantumSigh"
	],
	"artists": [
		"Cherreshka"
	],
	"contact": {
		"homepage": "",
		"sources": ""
	},
	"license": "CC0-1.0",
	"icon": "assets/blocks_and_resources/icon.png",
	"environment": "*",
	"entrypoints": {
		"main": [
			"net.fedorm.mod.BlocksAndResources"
		],
		"fabric-datagen": [
			"net.fedorm.mod.BlocksAndResourcesDataGenerator"
		],
		"client": [
			"net.fedorm.mod.BlocksAndResourcesClient"
		]
	},
	"mixins": [
		"blocks_and_resources.mixins.json"
	],
	"depends": {
		"fabricloader": ">=0.16.10",
		"minecraft": "~1.21",
		"java": ">=21",
		"fabric-api": "*"
	},
	"suggests": {
		"another-mod": "*"
	}
}
